Position,Variant,My_Label,Group
857.0,T857I,benign_variant,ClinVar_Train_Benign
604.0,R604H,benign_variant,ClinVar_Train_Benign
854.0,R854C,benign_variant,ClinVar_Train_Benign
848.0,P848L,benign_variant,ClinVar_Train_Benign
703.0,A703V,benign_variant,ClinVar_Train_Benign
527.0,F527I,benign_variant,ClinVar_Train_Benign
29.0,P29S,benign_variant,ClinVar_Train_Benign
370.0,P370L,benign_variant,ClinVar_Train_Benign
675.0,D675E,benign_variant,ClinVar_Train_Benign
367.0,V367I,benign_variant,ClinVar_Train_Benign
611.0,A611T,benign_variant,ClinVar_Train_Benign
489.0,R489G,benign_variant,ClinVar_Train_Benign
64.0,A64S,benign_variant,ClinVar_Train_Benign
652.0,P652R,benign_variant,ClinVar_Train_Benign
470.0,D470N,benign_variant,ClinVar_Train_Benign
754.0,A754T,benign_variant,ClinVar_Train_Benign
690.0,V690M,benign_variant,ClinVar_Train_Benign
782.0,R782Q,benign_variant,ClinVar_Train_Benign
617.0,P617S,benign_variant,ClinVar_Train_Benign
793.0,V793L,benign_variant,ClinVar_Train_Benign
651.0,P651R,benign_variant,ClinVar_Train_Benign
707.0,A707T,benign_variant,ClinVar_Train_Benign
502.0,A502V,benign_variant,ClinVar_Train_Benign
139.0,V139M,benign_variant,ClinVar_Train_Benign
515.0,E515D,benign_variant,ClinVar_Train_Benign
593.0,V593M,benign_variant,ClinVar_Train_Benign
689.0,I689L,benign_variant,ClinVar_Train_Benign
657.0,A657T,benign_variant,ClinVar_Train_Benign
404.0,A404T,benign_variant,ClinVar_Train_Benign
30.0,G30S,benign_variant,ClinVar_Train_Benign
795.0,H795N,benign_variant,ClinVar_Train_Benign
858.0,G858S,benign_variant,ClinVar_Train_Benign
624.0,G624R,benign_variant,ClinVar_Train_Benign
725.0,R725C,benign_variant,ClinVar_Train_Benign
668.0,P668L,benign_variant,ClinVar_Train_Benign
411.0,P411L,benign_variant,ClinVar_Train_Benign
760.0,R760H,benign_variant,ClinVar_Train_Benign
652.0,P652L,benign_variant,ClinVar_Train_Benign
822.0,A822T,benign_variant,ClinVar_Train_Benign
62.0,A62V,benign_variant,ClinVar_Train_Benign
697.0,G697S,benign_variant,ClinVar_Train_Benign
605.0,T605S,benign_variant,ClinVar_Train_Benign
424.0,P424S,benign_variant,ClinVar_Train_Benign
755.0,Y755C,benign_variant,ClinVar_Train_Benign
777.0,P777R,benign_variant,ClinVar_Train_Benign
520.0,D520G,benign_variant,ClinVar_Train_Benign
658.0,Y658C,benign_variant,ClinVar_Train_Benign
724.0,P724L,benign_variant,ClinVar_Train_Benign
664.0,P664L,benign_variant,ClinVar_Train_Benign
517.0,I517V,benign_variant,ClinVar_Train_Benign
177.0,I177V,benign_variant,ClinVar_Train_Benign
659.0,F659S,benign_variant,ClinVar_Train_Benign
780.0,N780T,benign_variant,ClinVar_Train_Benign
686.0,I686V,benign_variant,ClinVar_Train_Benign
410.0,P410L,benign_variant,ClinVar_Train_Benign
849.0,C849F,benign_variant,ClinVar_Train_Benign
772.0,P772R,benign_variant,ClinVar_Train_Benign
767.0,R767Q,benign_variant,ClinVar_Train_Benign
8.0,G8S,benign_variant,ClinVar_Train_Benign
696.0,T696M,benign_variant,ClinVar_Train_Benign
647.0,R647Q,benign_variant,ClinVar_Train_Benign
778.0,E778K,benign_variant,ClinVar_Train_Benign
310.0,G310S,pathogenic_variant,ClinVar_Train_Pathogenic
253.0,A253T,pathogenic_variant,ClinVar_Train_Pathogenic
243.0,L243F,pathogenic_variant,ClinVar_Train_Pathogenic
547.0,R547W,pathogenic_variant,ClinVar_Train_Pathogenic
268.0,L268F,pathogenic_variant,ClinVar_Train_Pathogenic
282.0,D282Y,pathogenic_variant,ClinVar_Train_Pathogenic
201.0,R201C,pathogenic_variant,ClinVar_Train_Pathogenic
207.0,R207W,pathogenic_variant,ClinVar_Train_Pathogenic
88.0,P88L,pathogenic_variant,ClinVar_Train_Pathogenic
208.0,M208V,pathogenic_variant,ClinVar_Train_Pathogenic
335.0,P335R,pathogenic_variant,ClinVar_Train_Pathogenic
284.0,Y284H,pathogenic_variant,ClinVar_Train_Pathogenic
79.0,N79K,pathogenic_variant,ClinVar_Train_Pathogenic
264.0,Y264N,pathogenic_variant,ClinVar_Train_Pathogenic
81.0,L81P,pathogenic_variant,ClinVar_Train_Pathogenic
333.0,R333Q,pathogenic_variant,ClinVar_Train_Pathogenic
159.0,G159R,pathogenic_variant,ClinVar_Train_Pathogenic
193.0,A193D,pathogenic_variant,ClinVar_Train_Pathogenic
553.0,R553Q,pathogenic_variant,ClinVar_Train_Pathogenic
546.0,M546V,pathogenic_variant,ClinVar_Train_Pathogenic
144.0,R144Q,pathogenic_variant,ClinVar_Train_Pathogenic
301.0,G301S,pathogenic_variant,ClinVar_Train_Pathogenic
553.0,R553L,pathogenic_variant,ClinVar_Train_Pathogenic
263.0,T263I,pathogenic_variant,ClinVar_Train_Pathogenic
301.0,G301D,pathogenic_variant,ClinVar_Train_Pathogenic
201.0,R201H,pathogenic_variant,ClinVar_Train_Pathogenic
276.0,T276N,pathogenic_variant,ClinVar_Train_Pathogenic
552.0,K552T,pathogenic_variant,ClinVar_Train_Pathogenic
294.0,A294V,pathogenic_variant,ClinVar_Train_Pathogenic
223.0,S223P,pathogenic_variant,ClinVar_Train_Pathogenic
553.0,R553W,pathogenic_variant,ClinVar_Train_Pathogenic
561.0,P561S,pathogenic_variant,ClinVar_Train_Pathogenic
190.0,N190S,pathogenic_variant,ClinVar_Train_Pathogenic
161.0,L161P,pathogenic_variant,ClinVar_Train_Pathogenic
555.0,F555L,pathogenic_variant,ClinVar_Train_Pathogenic
210.0,R210P,pathogenic_variant,ClinVar_Train_Pathogenic
294.0,A294G,pathogenic_variant,ClinVar_Train_Pathogenic
279.0,G279S,pathogenic_variant,ClinVar_Train_Pathogenic
130.0,E130K,pathogenic_variant,ClinVar_Train_Pathogenic
234.0,T234I,pathogenic_variant,ClinVar_Train_Pathogenic
269.0,W269C,pathogenic_variant,ClinVar_Train_Pathogenic
169.0,C169R,pathogenic_variant,ClinVar_Train_Pathogenic
319.0,K319T,pathogenic_variant,ClinVar_Train_Pathogenic
207.0,R207Q,pathogenic_variant,ClinVar_Train_Pathogenic
114.0,T114I,pathogenic_variant,ClinVar_Train_Pathogenic
343.0,A343G,pathogenic_variant,ClinVar_Train_Pathogenic
113.0,S113F,pathogenic_variant,ClinVar_Train_Pathogenic
320.0,V320I,pathogenic_variant,ClinVar_Train_Pathogenic
287.0,T287A,pathogenic_variant,ClinVar_Train_Pathogenic
277.0,T277S,pathogenic_variant,ClinVar_Train_Pathogenic
265.0,A265V,pathogenic_variant,ClinVar_Train_Pathogenic
200.0,L200P,pathogenic_variant,ClinVar_Train_Pathogenic
287.0,T287N,pathogenic_variant,ClinVar_Train_Pathogenic
185.0,A185T,pathogenic_variant,ClinVar_Train_Pathogenic
212.0,D212Y,pathogenic_variant,ClinVar_Train_Pathogenic
589.0,V589G,pathogenic_variant,ClinVar_Train_Pathogenic
285.0,P285T,pathogenic_variant,ClinVar_Train_Pathogenic
566.0,D566H,pathogenic_variant,ClinVar_Train_Pathogenic
213.0,R213W,pathogenic_variant,ClinVar_Train_Pathogenic
314.0,S314T,pathogenic_variant,ClinVar_Train_Pathogenic
341.0,Q341H,pathogenic_variant,ClinVar_Train_Pathogenic
282.0,D282V,pathogenic_variant,ClinVar_Train_Pathogenic
214.0,R214W,pathogenic_variant,ClinVar_Train_Pathogenic
119.0,E119G,pathogenic_variant,ClinVar_Train_Pathogenic
224.0,V224A,pathogenic_variant,ClinVar_Train_Pathogenic
352.0,S352P,pathogenic_variant,ClinVar_Train_Pathogenic
242.0,C242G,pathogenic_variant,ClinVar_Train_Pathogenic
582.0,I582F,pathogenic_variant,ClinVar_Train_Pathogenic
144.0,R144W,pathogenic_variant,ClinVar_Train_Pathogenic
348.0,A348T,pathogenic_variant,ClinVar_Train_Pathogenic
583.0,K583N,pathogenic_variant,ClinVar_Train_Pathogenic
363.0,Y363H,pathogenic_variant,ClinVar_Train_Pathogenic
578.0,M578I,pathogenic_variant,ClinVar_Train_Pathogenic
234.0,T234P,pathogenic_variant,ClinVar_Train_Pathogenic
246.0,A246P,pathogenic_variant,ClinVar_Train_Pathogenic
395.0,R395G,pathogenic_variant,ClinVar_Train_Pathogenic
271.0,G271V,pathogenic_variant,ClinVar_Train_Pathogenic
308.0,P308L,pathogenic_variant,ClinVar_Train_Pathogenic
311.0,I311M,pathogenic_variant,ClinVar_Train_Pathogenic
561.0,P561L,pathogenic_variant,ClinVar_Train_Pathogenic
265.0,A265G,pathogenic_variant,ClinVar_Train_Pathogenic
260.0,H260Y,pathogenic_variant,ClinVar_Train_Pathogenic
565.0,M565T,pathogenic_variant,ClinVar_Train_Pathogenic
351.0,L351F,pathogenic_variant,ClinVar_Train_Pathogenic
637.0,L637R,pathogenic_variant,ClinVar_Train_Pathogenic
216.0,G216V,pathogenic_variant,ClinVar_Train_Pathogenic
256.0,G256R,pathogenic_variant,ClinVar_Train_Pathogenic
190.0,N190I,pathogenic_variant,ClinVar_Train_Pathogenic
344.0,W344R,pathogenic_variant,ClinVar_Train_Pathogenic
214.0,R214Q,pathogenic_variant,ClinVar_Train_Pathogenic
353.0,R353G,pathogenic_variant,ClinVar_Train_Pathogenic
231.0,E231Q,pathogenic_variant,ClinVar_Train_Pathogenic
1.0,M1I,pathogenic_variant,ClinVar_Train_Pathogenic
278.0,I278T,pathogenic_variant,ClinVar_Train_Pathogenic
356.0,L356Q,pathogenic_variant,ClinVar_Train_Pathogenic
362.0,Y362C,pathogenic_variant,ClinVar_Train_Pathogenic
196.0,A196V,pathogenic_variant,ClinVar_Train_Pathogenic
204.0,Q204R,pathogenic_variant,ClinVar_Train_Pathogenic
340.0,I340M,pathogenic_variant,ClinVar_Train_Pathogenic
340.0,I340T,pathogenic_variant,ClinVar_Train_Pathogenic
351.0,L351V,pathogenic_variant,ClinVar_Train_Pathogenic
282.0,D282H,pathogenic_variant,ClinVar_Train_Pathogenic
204.0,Q204H,pathogenic_variant,ClinVar_Train_Pathogenic
265.0,A265T,pathogenic_variant,ClinVar_Train_Pathogenic
324.0,H324R,pathogenic_variant,ClinVar_Train_Pathogenic
546.0,M546T,pathogenic_variant,ClinVar_Train_Pathogenic
332.0,R332K,pathogenic_variant,ClinVar_Train_Pathogenic
132.0,V132M,pathogenic_variant,ClinVar_Train_Pathogenic
231.0,E231G,pathogenic_variant,ClinVar_Train_Pathogenic
588.0,R588S,pathogenic_variant,ClinVar_Train_Pathogenic
195.0,S195P,pathogenic_variant,ClinVar_Train_Pathogenic
243.0,L243V,pathogenic_variant,ClinVar_Train_Pathogenic
250.0,V250L,pathogenic_variant,ClinVar_Train_Pathogenic
231.0,E231D,pathogenic_variant,ClinVar_Train_Pathogenic
290.0,G290V,pathogenic_variant,ClinVar_Train_Pathogenic
229.0,S229I,pathogenic_variant,ClinVar_Train_Pathogenic
350.0,N350H,pathogenic_variant,ClinVar_Train_Pathogenic
1.0,M1V,pathogenic_variant,ClinVar_Train_Pathogenic
269.0,W269L,pathogenic_variant,ClinVar_Train_Pathogenic
315.0,G315A,pathogenic_variant,ClinVar_Train_Pathogenic
304.0,F304S,pathogenic_variant,ClinVar_Train_Pathogenic
188.0,Q188K,pathogenic_variant,ClinVar_Train_Pathogenic
247.0,S247W,pathogenic_variant,ClinVar_Train_Pathogenic
291.0,R291S,pathogenic_variant,ClinVar_Train_Pathogenic
209.0,I209T,pathogenic_variant,ClinVar_Train_Pathogenic
488.0,D488E,pathogenic_variant,ClinVar_Train_Pathogenic
281.0,G281W,pathogenic_variant,ClinVar_Train_Pathogenic
104.0,F104S,pathogenic_variant,ClinVar_Train_Pathogenic
541.0,R541G,pathogenic_variant,ClinVar_Train_Pathogenic
250.0,V250G,pathogenic_variant,ClinVar_Train_Pathogenic
554.0,K554N,pathogenic_variant,ClinVar_Train_Pathogenic
284.0,Y284C,pathogenic_variant,ClinVar_Train_Pathogenic
259.0,D259Y,pathogenic_variant,ClinVar_Train_Pathogenic
291.0,R291G,pathogenic_variant,ClinVar_Train_Pathogenic
290.0,G290D,pathogenic_variant,ClinVar_Train_Pathogenic
203.0,L203P,pathogenic_variant,ClinVar_Train_Pathogenic
561.0,P561R,pathogenic_variant,ClinVar_Train_Pathogenic
273.0,I273N,pathogenic_variant,ClinVar_Train_Pathogenic
235.0,A235V,pathogenic_variant,ClinVar_Train_Pathogenic
556.0,K556E,pathogenic_variant,ClinVar_Train_Pathogenic
285.0,P285S,pathogenic_variant,ClinVar_Train_Pathogenic
271.0,G271D,pathogenic_variant,ClinVar_Train_Pathogenic
716.0,T716I,pathogenic_variant,ClinVar_Train_Pathogenic
234.0,T234A,pathogenic_variant,ClinVar_Train_Pathogenic
563.0,D563Y,pathogenic_variant,ClinVar_Train_Pathogenic
222.0,G222D,pathogenic_variant,ClinVar_Train_Pathogenic
217.0,T217A,pathogenic_variant,ClinVar_Train_Pathogenic
285.0,P285H,pathogenic_variant,ClinVar_Train_Pathogenic
335.0,P335L,pathogenic_variant,ClinVar_Train_Pathogenic
563.0,D563N,pathogenic_variant,ClinVar_Train_Pathogenic
175.0,V175L,pathogenic_variant,ClinVar_Train_Pathogenic
212.0,D212A,pathogenic_variant,ClinVar_Train_Pathogenic
353.0,R353C,pathogenic_variant,ClinVar_Train_Pathogenic
269.0,W269S,pathogenic_variant,ClinVar_Train_Pathogenic
282.0,D282E,pathogenic_variant,ClinVar_Train_Pathogenic
306.0,A306T,pathogenic_variant,ClinVar_Train_Pathogenic
276.0,T276P,pathogenic_variant,ClinVar_Train_Pathogenic
501.0,A501P,pathogenic_variant,ClinVar_Train_Pathogenic
261.0,F261C,pathogenic_variant,ClinVar_Train_Pathogenic
568.0,I568T,pathogenic_variant,ClinVar_Train_Pathogenic
213.0,R213Q,pathogenic_variant,ClinVar_Train_Pathogenic
359.0,T359K,pathogenic_variant,ClinVar_Train_Pathogenic
245.0,L245P,pathogenic_variant,ClinVar_Train_Pathogenic
195.0,S195F,pathogenic_variant,ClinVar_Train_Pathogenic
350.0,N350I,pathogenic_variant,ClinVar_Train_Pathogenic
205.0,I205V,pathogenic_variant,ClinVar_Train_Pathogenic
140.0,E140Q,pathogenic_variant,ClinVar_Train_Pathogenic
335.0,P335A,pathogenic_variant,ClinVar_Train_Pathogenic
301.0,G301V,pathogenic_variant,ClinVar_Train_Pathogenic
228.0,H228Q,pathogenic_variant,ClinVar_Train_Pathogenic
256.0,G256W,pathogenic_variant,ClinVar_Train_Pathogenic
340.0,I340N,pathogenic_variant,ClinVar_Train_Pathogenic
182.0,V182M,pathogenic_variant,ClinVar_Train_Pathogenic
256.0,G256V,pathogenic_variant,ClinVar_Train_Pathogenic
154.0,Y154D,pathogenic_variant,ClinVar_Train_Pathogenic
363.0,Y363C,pathogenic_variant,ClinVar_Train_Pathogenic
283.0,K283R,pathogenic_variant,ClinVar_Train_Pathogenic
337.0,A337T,pathogenic_variant,ClinVar_Train_Pathogenic
325.0,R325G,pathogenic_variant,ClinVar_Train_Pathogenic
592.0,I592M,pathogenic_variant,ClinVar_Train_Pathogenic
189.0,G189V,pathogenic_variant,ClinVar_Train_Pathogenic
313.0,G313R,pathogenic_variant,ClinVar_Train_Pathogenic
206.0,L206R,pathogenic_variant,ClinVar_Train_Pathogenic
266.0,D266E,pathogenic_variant,ClinVar_Train_Pathogenic
114.0,T114A,pathogenic_variant,ClinVar_Train_Pathogenic
292.0,L292P,pathogenic_variant,ClinVar_Train_Pathogenic
1.0,M1K,pathogenic_variant,ClinVar_Train_Pathogenic
215.0,G215R,pathogenic_variant,ClinVar_Train_Pathogenic
355.0,D355G,pathogenic_variant,ClinVar_Train_Pathogenic
258.0,N258I,pathogenic_variant,ClinVar_Train_Pathogenic
305.0,F305L,pathogenic_variant,ClinVar_Train_Pathogenic
356.0,L356R,pathogenic_variant,ClinVar_Train_Pathogenic
356.0,L356V,pathogenic_variant,ClinVar_Train_Pathogenic
96.0,H96P,pathogenic_variant,ClinVar_Train_Pathogenic
268.0,L268P,pathogenic_variant,ClinVar_Train_Pathogenic
296.0,T296P,pathogenic_variant,ClinVar_Train_Pathogenic
213.0,R213L,pathogenic_variant,ClinVar_Train_Pathogenic
265.0,A265P,pathogenic_variant,ClinVar_Train_Pathogenic
122.0,S122L,pathogenic_variant,ClinVar_Train_Pathogenic
197.0,L197P,pathogenic_variant,ClinVar_Train_Pathogenic
258.0,N258S,pathogenic_variant,ClinVar_Train_Pathogenic
218.0,W218R,pathogenic_variant,ClinVar_Train_Pathogenic
277.0,T277A,pathogenic_variant,ClinVar_Train_Pathogenic
560.0,R560W,pathogenic_variant,ClinVar_Train_Pathogenic
239.0,G239R,pathogenic_variant,ClinVar_Train_Pathogenic
290.0,G290S,pathogenic_variant,ClinVar_Test
581.0,R581G,pathogenic_variant,ClinVar_Test
303.0,S303C,pathogenic_variant,ClinVar_Test
247.0,S247L,pathogenic_variant,ClinVar_Test
253.0,A253S,pathogenic_variant,ClinVar_Test
563.0,D563G,pathogenic_variant,ClinVar_Test
241.0,L241P,pathogenic_variant,ClinVar_Test
135.0,V135M,benign_variant,ClinVar_Test
339.0,L339Q,pathogenic_variant,ClinVar_Test
359.0,T359A,pathogenic_variant,ClinVar_Test
374.0,S374L,benign_variant,ClinVar_Test
458.0,P458S,benign_variant,ClinVar_Test
708.0,P708A,benign_variant,ClinVar_Test
1.0,M1T,pathogenic_variant,ClinVar_Test
337.0,A337G,pathogenic_variant,ClinVar_Test
212.0,D212E,pathogenic_variant,ClinVar_Test
737.0,G737S,benign_variant,ClinVar_Test
828.0,A828V,benign_variant,ClinVar_Test
675.0,D675N,benign_variant,ClinVar_Test
432.0,R432C,benign_variant,ClinVar_Test
212.0,D212G,pathogenic_variant,ClinVar_Test
611.0,A611S,benign_variant,ClinVar_Test
254.0,E254A,pathogenic_variant,ClinVar_Test
771.0,T771I,benign_variant,ClinVar_Test
210.0,R210H,pathogenic_variant,ClinVar_Test
315.0,G315R,pathogenic_variant,ClinVar_Test
396.0,N396S,benign_variant,ClinVar_Test
143.0,V143M,benign_variant,ClinVar_Test
306.0,A306P,pathogenic_variant,ClinVar_Test
756.0,G756S,benign_variant,ClinVar_Test
276.0,T276I,pathogenic_variant,ClinVar_Test
574.0,G574D,pathogenic_variant,ClinVar_Test
280.0,Y280H,pathogenic_variant,ClinVar_Test
103.0,V103D,pathogenic_variant,ClinVar_Test
358.0,S358F,pathogenic_variant,ClinVar_Test
188.0,Q188P,pathogenic_variant,ClinVar_Test
293.0,L293P,pathogenic_variant,ClinVar_Test
284.0,Y284D,pathogenic_variant,ClinVar_Test
210.0,R210C,pathogenic_variant,ClinVar_Test
154.0,Y154H,pathogenic_variant,ClinVar_Test
450.0,V450M,benign_variant,ClinVar_Test
270.0,W270R,pathogenic_variant,ClinVar_Test
308.0,P308S,pathogenic_variant,ClinVar_Test
761.0,A761S,benign_variant,ClinVar_Test
237.0,Y237C,pathogenic_variant,ClinVar_Test
333.0,R333W,pathogenic_variant,ClinVar_Test
281.0,G281R,pathogenic_variant,ClinVar_Test
261.0,F261S,pathogenic_variant,ClinVar_Test
327.0,K327M,pathogenic_variant,ClinVar_Test
282.0,D282N,pathogenic_variant,ClinVar_Test
194.0,T194P,pathogenic_variant,ClinVar_Test
496.0,F496I,benign_variant,ClinVar_Test
581.0,R581Q,pathogenic_variant,ClinVar_Test
159.0,G159E,pathogenic_variant,ClinVar_Test
332.0,R332G,pathogenic_variant,ClinVar_Test
495.0,A495P,benign_variant,ClinVar_Test
751.0,S751L,benign_variant,ClinVar_Test
187.0,S187Y,pathogenic_variant,ClinVar_Test
274.0,T274M,pathogenic_variant,ClinVar_Test
563.0,D563E,pathogenic_variant,ClinVar_Test
567.0,V567D,pathogenic_variant,ClinVar_Test
277.0,T277I,pathogenic_variant,ClinVar_Test
237.0,Y237F,pathogenic_variant,ClinVar_Test
691.0,R691H,benign_variant,ClinVar_Test
772.0,P772L,benign_variant,ClinVar_Test
578.0,M578V,pathogenic_variant,ClinVar_Test
228.0,H228Y,pathogenic_variant,ClinVar_Test
339.0,L339R,pathogenic_variant,ClinVar_Test
776.0,P776H,benign_variant,ClinVar_Test
306.0,A306V,pathogenic_variant,ClinVar_Test
261.0,F261I,pathogenic_variant,ClinVar_Test
43.0,A43V,benign_variant,ClinVar_Test
198.0,R198Q,pathogenic_variant,ClinVar_Test
97.0,A97V,benign_variant,ClinVar_Test
581.0,R581L,pathogenic_variant,ClinVar_Test
869.0,G869R,benign_variant,ClinVar_Test
353.0,R353H,pathogenic_variant,ClinVar_Test
315.0,G315E,pathogenic_variant,ClinVar_Test
107.0,L107F,pathogenic_variant,ClinVar_Test
309.0,A309V,pathogenic_variant,ClinVar_Test
355.0,D355E,pathogenic_variant,ClinVar_Test
228.0,H228R,pathogenic_variant,ClinVar_Test
418.0,G418V,benign_variant,ClinVar_Test
604.0,R604C,benign_variant,ClinVar_Test
504.0,R504W,pathogenic_variant,ClinVar_Test
800.0,R800H,benign_variant,ClinVar_Test
96.0,H96N,pathogenic_variant,ClinVar_Test
560.0,R560Q,pathogenic_variant,ClinVar_Test
279.0,G279C,pathogenic_variant,ClinVar_Test
3.0,Q3E,benign_variant,PrimateAD
8.0,G8R,benign_variant,PrimateAD
16.0,G16E,benign_variant,PrimateAD
20.0,L20V,benign_variant,PrimateAD
25.0,V25M,benign_variant,PrimateAD
26.0,G26E,benign_variant,PrimateAD
30.0,G30A,benign_variant,PrimateAD
34.0,S34F,benign_variant,PrimateAD
35.0,T35S,benign_variant,PrimateAD
53.0,I53T,benign_variant,PrimateAD
57.0,P57S,benign_variant,PrimateAD
58.0,R58C,benign_variant,PrimateAD
60.0,G60A,benign_variant,PrimateAD
67.0,P67S,benign_variant,PrimateAD
67.0,P67A,benign_variant,PrimateAD
75.0,R75H,benign_variant,PrimateAD
78.0,Q78K,benign_variant,PrimateAD
91.0,W91G,benign_variant,PrimateAD
108.0,V108M,benign_variant,PrimateAD
116.0,K116R,benign_variant,PrimateAD
117.0,E117D,benign_variant,PrimateAD
117.0,E117G,benign_variant,PrimateAD
142.0,F142L,benign_variant,PrimateAD
143.0,V143L,benign_variant,PrimateAD
160.0,R160Q,benign_variant,PrimateAD
162.0,K162R,benign_variant,PrimateAD
165.0,R165W,benign_variant,PrimateAD
167.0,P167L,benign_variant,PrimateAD
176.0,L176V,benign_variant,PrimateAD
225.0,V225I,benign_variant,PrimateAD
256.0,G256E,benign_variant,PrimateAD
259.0,D259H,benign_variant,PrimateAD
259.0,D259N,benign_variant,PrimateAD
295.0,A295S,benign_variant,PrimateAD
357.0,H357R,benign_variant,PrimateAD
365.0,R365Q,benign_variant,PrimateAD
367.0,V367A,benign_variant,PrimateAD
368.0,T368N,benign_variant,PrimateAD
369.0,V369M,benign_variant,PrimateAD
371.0,M371V,benign_variant,PrimateAD
375.0,Q375E,benign_variant,PrimateAD
380.0,G380A,benign_variant,PrimateAD
380.0,G380R,benign_variant,PrimateAD
385.0,I385L,benign_variant,PrimateAD
387.0,P387R,benign_variant,PrimateAD
399.0,S399G,benign_variant,PrimateAD
403.0,L403F,benign_variant,PrimateAD
408.0,D408E,benign_variant,PrimateAD
408.0,D408V,benign_variant,PrimateAD
411.0,P411Q,benign_variant,PrimateAD
413.0,P413L,benign_variant,PrimateAD
418.0,G418A,benign_variant,PrimateAD
420.0,P420L,benign_variant,PrimateAD
424.0,P424L,benign_variant,PrimateAD
431.0,G431R,benign_variant,PrimateAD
432.0,R432H,benign_variant,PrimateAD
435.0,Q435R,benign_variant,PrimateAD
441.0,D441G,benign_variant,PrimateAD
442.0,R442C,benign_variant,PrimateAD
451.0,A451V,benign_variant,PrimateAD
457.0,S457F,benign_variant,PrimateAD
461.0,Q461P,benign_variant,PrimateAD
465.0,R465Q,benign_variant,PrimateAD
465.0,R465W,benign_variant,PrimateAD
469.0,A469T,benign_variant,PrimateAD
474.0,E474K,benign_variant,PrimateAD
478.0,S478G,benign_variant,PrimateAD
489.0,R489H,benign_variant,PrimateAD
493.0,R493H,benign_variant,PrimateAD
497.0,R497C,benign_variant,PrimateAD
498.0,I498L,benign_variant,PrimateAD
499.0,K499R,benign_variant,PrimateAD
502.0,A502T,benign_variant,PrimateAD
504.0,R504Q,benign_variant,PrimateAD
509.0,E509A,benign_variant,PrimateAD
514.0,G514R,benign_variant,PrimateAD
522.0,S522N,benign_variant,PrimateAD
523.0,C523Y,benign_variant,PrimateAD
525.0,C525S,benign_variant,PrimateAD
526.0,E526Q,benign_variant,PrimateAD
532.0,L532P,benign_variant,PrimateAD
537.0,K537R,benign_variant,PrimateAD
538.0,V538I,benign_variant,PrimateAD
543.0,V543M,benign_variant,PrimateAD
545.0,V545I,benign_variant,PrimateAD
564.0,V564L,benign_variant,PrimateAD
598.0,A598V,benign_variant,PrimateAD
600.0,T600M,benign_variant,PrimateAD
601.0,D601N,benign_variant,PrimateAD
605.0,T605I,benign_variant,PrimateAD
608.0,P608L,benign_variant,PrimateAD
611.0,A611V,benign_variant,PrimateAD
622.0,R622W,benign_variant,PrimateAD
624.0,G624W,benign_variant,PrimateAD
633.0,M633T,benign_variant,PrimateAD
633.0,M633V,benign_variant,PrimateAD
634.0,E634Q,benign_variant,PrimateAD
635.0,K635N,benign_variant,PrimateAD
640.0,L640M,benign_variant,PrimateAD
646.0,Q646R,benign_variant,PrimateAD
647.0,R647W,benign_variant,PrimateAD
649.0,G649V,benign_variant,PrimateAD
649.0,G649A,benign_variant,PrimateAD
654.0,E654V,benign_variant,PrimateAD
656.0,E656D,benign_variant,PrimateAD
656.0,E656K,benign_variant,PrimateAD
660.0,G660R,benign_variant,PrimateAD
660.0,G660V,benign_variant,PrimateAD
663.0,E663G,benign_variant,PrimateAD
664.0,P664T,benign_variant,PrimateAD
666.0,P666L,benign_variant,PrimateAD
666.0,P666Q,benign_variant,PrimateAD
667.0,A667V,benign_variant,PrimateAD
677.0,R677Q,benign_variant,PrimateAD
677.0,R677W,benign_variant,PrimateAD
680.0,V680G,benign_variant,PrimateAD
683.0,H683R,benign_variant,PrimateAD
684.0,G684S,benign_variant,PrimateAD
689.0,I689F,benign_variant,PrimateAD
691.0,R691C,benign_variant,PrimateAD
694.0,S694T,benign_variant,PrimateAD
700.0,N700K,benign_variant,PrimateAD
702.0,S702L,benign_variant,PrimateAD
704.0,P704L,benign_variant,PrimateAD
705.0,P705L,benign_variant,PrimateAD
706.0,A706D,benign_variant,PrimateAD
707.0,A707V,benign_variant,PrimateAD
713.0,P713A,benign_variant,PrimateAD
714.0,P714H,benign_variant,PrimateAD
724.0,P724S,benign_variant,PrimateAD
727.0,G727S,benign_variant,PrimateAD
730.0,T730A,benign_variant,PrimateAD
731.0,S731A,benign_variant,PrimateAD
732.0,P732S,benign_variant,PrimateAD
741.0,R741L,benign_variant,PrimateAD
743.0,P743L,benign_variant,PrimateAD
745.0,P745L,benign_variant,PrimateAD
748.0,H748Q,benign_variant,PrimateAD
760.0,R760C,benign_variant,PrimateAD
767.0,R767W,benign_variant,PrimateAD
768.0,Q768R,benign_variant,PrimateAD
772.0,P772A,benign_variant,PrimateAD
777.0,P777S,benign_variant,PrimateAD
778.0,E778V,benign_variant,PrimateAD
779.0,G779R,benign_variant,PrimateAD
781.0,L781P,benign_variant,PrimateAD
782.0,R782W,benign_variant,PrimateAD
789.0,S789T,benign_variant,PrimateAD
796.0,E796K,benign_variant,PrimateAD
811.0,K811R,benign_variant,PrimateAD
815.0,D815E,benign_variant,PrimateAD
822.0,A822V,benign_variant,PrimateAD
829.0,K829E,benign_variant,PrimateAD
835.0,A835V,benign_variant,PrimateAD
838.0,E838G,benign_variant,PrimateAD
846.0,C846R,benign_variant,PrimateAD
850.0,G850R,benign_variant,PrimateAD
852.0,P852L,benign_variant,PrimateAD
854.0,R854H,benign_variant,PrimateAD
855.0,S855L,benign_variant,PrimateAD
857.0,T857A,benign_variant,PrimateAD
865.0,V865M,benign_variant,PrimateAD
865.0,V865G,benign_variant,PrimateAD
869.0,G869E,benign_variant,PrimateAD
871.0,R871S,benign_variant,PrimateAD
871.0,R871G,benign_variant,PrimateAD
