Position,Variant,MyLabel,Group
281,G281R,EIEE,BFNC_EIEE_Train
303,S303C,EIEE,BFNC_EIEE_Train
341,Q341H,EIEE,BFNC_EIEE_Train
279,G279C,EIEE,BFNC_EIEE_Train
256,G256W,EIEE,BFNC_EIEE_Train
358,S358F,BFNC,BFNC_EIEE_Train
185,A185T,BFNC/EIEE,BFNC_EIEE_Train
247,S247L,EIEE,BFNC_EIEE_Train
265,A265G,BFNC,BFNC_EIEE_Train
154,Y154H,BFNC,BFNC_EIEE_Train
560,R560Q,EIEE,BFNC_EIEE_Train
547,R547W,BFNC,BFNC_EIEE_Train
311,I311M,EIEE,BFNC_EIEE_Train
187,S187P,EIEE,BFNC_EIEE_Train
204,Q204H,BFNC,BFNC_EIEE_Train
196,A196V,BFNC,BFNC_EIEE_Train
578,M578I,EIEE,BFNC_EIEE_Train
294,A294G,BFNC,BFNC_EIEE_Train
223,S223P,EIEE,BFNC_EIEE_Train
261,F261S,EIEE,BFNC_EIEE_Train
103,V103D,EIEE,BFNC_EIEE_Train
306,A306V,EIEE,BFNC_EIEE_Train
266,D266E,EIEE,BFNC_EIEE_Train
269,W269S,EIEE,BFNC_EIEE_Train
107,L107F,BFNC/EIEE,BFNC_EIEE_Train
541,R541G,EIEE,BFNC_EIEE_Train
301,G301D,EIEE,BFNC_EIEE_Train
268,L268P,EIEE,BFNC_EIEE_Train
265,A265V,EIEE,BFNC_EIEE_Train
568,I568T,EIEE,BFNC_EIEE_Train
504,R504W,BFNC,BFNC_EIEE_Train
353,R353C,BFNC/EIEE,BFNC_EIEE_Train
285,P285S,EIEE,BFNC_EIEE_Train
277,T277S,EIEE,BFNC_EIEE_Train
231,E231D,EIEE,BFNC_EIEE_Train
203,L203P,EIEE,BFNC_EIEE_Train
213,R213W,BFNC/EIEE,BFNC_EIEE_Train
214,R214Q,EIEE,BFNC_EIEE_Train
229,S229I,EIEE,BFNC_EIEE_Train
567,V567D,BFNC,BFNC_EIEE_Train
305,F305L,EIEE,BFNC_EIEE_Train
315,G315E,EIEE,BFNC_EIEE_Train
501,A501P,EIEE,BFNC_EIEE_Train
637,L637R,BFNC,BFNC_EIEE_Train
258,N258K,BFNC,BFNC_EIEE_Train
228,H228Q,BFNC/EIEE,BFNC_EIEE_Train
350,N350H,BFNC,BFNC_EIEE_Train
581,R581L,EIEE,BFNC_EIEE_Train
555,F555L,BFNC,BFNC_EIEE_Train
337,A337G,EIEE,BFNC_EIEE_Train
353,R353H,EIEE,BFNC_EIEE_Train
281,G281R,EIEE,BFNC_EIEE_Train
282,D282H,EIEE,BFNC_EIEE_Train
253,A253S,EIEE,BFNC_EIEE_Train
260,H260Y,EIEE,BFNC_EIEE_Train
285,P285T,BFNC,BFNC_EIEE_Train
588,R588S,BFNC,BFNC_EIEE_Train
206,L206R,EIEE,BFNC_EIEE_Train
175,V175L,EIEE,BFNC_EIEE_Train
353,R353G,BFNC,BFNC_EIEE_Train
574,G574D,BFNC,BFNC_EIEE_Train
566,D566H,BFNC,BFNC_EIEE_Train
212,D212Y,EIEE,BFNC_EIEE_Train
269,W269L,EIEE,BFNC_EIEE_Train
292,L292P,EIEE,BFNC_EIEE_Train
159,G159E,BFNC,BFNC_EIEE_Train
243,L243F,BFNC,BFNC_EIEE_Train
339,L339Q,BFNC/EIEE,BFNC_EIEE_Train
301,G301V,EIEE,BFNC_EIEE_Train
356,L356Q,EIEE,BFNC_EIEE_Train
282,D282V,EIEE,BFNC_EIEE_Train
256,G256R,EIEE,BFNC_EIEE_Train
259,D259N,BFNC/EIEE,BFNC_EIEE_Train
245,L245P,EIEE,BFNC_EIEE_Train
81,L81P,BFNC,BFNC_EIEE_Train
293,L293P,EIEE,BFNC_EIEE_Train
1,M1V,EIEE,BFNC_EIEE_Train
276,T276N,EIEE,BFNC_EIEE_Train
327,K327M,EIEE,BFNC_EIEE_Train
339,L339R,BFNC,BFNC_EIEE_Train
258,N258I,EIEE,BFNC_EIEE_Train
320,V320I,BFNC,BFNC_EIEE_Train
315,G315R,EIEE,BFNC_EIEE_Train
130,E130K,EIEE,BFNC_EIEE_Train
259,D259Y,BFNC,BFNC_EIEE_Train
488,D488E,EIEE,BFNC_EIEE_Train
265,A265P,EIEE,BFNC_EIEE_Train
270,W270R,EIEE,BFNC_EIEE_Train
246,A246P,EIEE,BFNC_EIEE_Train
210,R210H,EIEE,BFNC_EIEE_Train
282,D282N,EIEE,BFNC_EIEE_Train
294,A294V,EIEE,BFNC_EIEE_Train
261,F261I,EIEE,BFNC_EIEE_Train
279,G279S,EIEE,BFNC_EIEE_Train
104,F104S,BFNC,BFNC_EIEE_Train
132,V132M,BFNC/EIEE,BFNC_EIEE_Train
291,R291S,EIEE,BFNC_EIEE_Train
356,L356V,BFNC,BFNC_EIEE_Train
242,C242G,EIEE,BFNC_EIEE_Train
250,V250L,EIEE,BFNC_EIEE_Train
355,D355E,BFNC,BFNC_EIEE_Train
239,G239R,EIEE,BFNC_EIEE_Train
122,S122L,BFNC/EIEE,BFNC_EIEE_Train
583,K583N,EIEE,BFNC_EIEE_Train
204,Q204H,BFNC,BFNC_EIEE_Train
260,H260P,EIEE,BFNC_EIEE_Train
290,G290V,EIEE,BFNC_EIEE_Train
277,T277I,EIEE,BFNC_EIEE_Train
343,A343G,BFNC/EIEE,BFNC_EIEE_Train
247,S247W,BFNC/EIEE,BFNC_EIEE_Train
250,V250G,BFNC,BFNC_EIEE_Train
234,T234I,BFNC/EIEE,BFNC_EIEE_Train
332,R332K,EIEE,BFNC_EIEE_Train
96,H96P,BFNC/EIEE,BFNC_EIEE_Train
204,Q204R,EIEE,BFNC_EIEE_Train
234,T234P,EIEE,BFNC_EIEE_Train
553,R553L,EIEE,BFNC_EIEE_Train
291,R291G,EIEE,BFNC_EIEE_Train
213,R213L,BFNC,BFNC_EIEE_Train
243,L243V,EIEE,BFNC_EIEE_Train
554,K554N,BFNC,BFNC_EIEE_Train
332,R332G,EIEE,BFNC_EIEE_Train
194,T194P,EIEE,BFNC_EIEE_Train
359,T359K,BFNC,BFNC_EIEE_Train
198,R198Q,EIEE,BFNC_EIEE_Train
276,T276P,BFNC,BFNC_EIEE_Train
276,T276I,EIEE,BFNC_EIEE_Train
290,G290S,EIEE,BFNC_EIEE_Train
308,P308L,EIEE,BFNC_EIEE_Train
280,Y280H,EIEE,BFNC_EIEE_Train
283,K283R,EIEE,BFNC_EIEE_Train
268,L268F,EIEE,BFNC_EIEE_Train
190,N190S,EIEE,BFNC_EIEE_Train
578,M578I,EIEE,BFNC_EIEE_Train
228,H228Y,EIEE,BFNC_EIEE_Train
582,I582F,EIEE,BFNC_EIEE_Train
256,G256V,EIEE,BFNC_EIEE_Train
563,D563G,EIEE,BFNC_EIEE_Train
205,I205V,EIEE,BFNC_EIEE_Train
565,M565T,EIEE,BFNC_EIEE_Train
563,D563Y,EIEE,BFNC_EIEE_Train
563,D563N,EIEE,BFNC_EIEE_Train
563,D563E,EIEE,BFNC_EIEE_Train
212,D212A,EIEE,BFNC_EIEE_Train
182,V182M,BFNC/EIEE,BFNC_EIEE_Train
218,W218R,EIEE,BFNC_EIEE_Train
282,D282Y,EIEE,BFNC_EIEE_Train
344,W344R,BFNC,BFNC_EIEE_Train
306,A306T,BFNC,BFNC_EIEE_Train
210,R210P,EIEE,BFNC_EIEE_Train
363,Y363C,EIEE,BFNC_EIEE_Train
261,F261C,EIEE,BFNC_EIEE_Train
314,S314T,BFNC/EIEE,BFNC_EIEE_Train
363,Y363H,EIEE,BFNC_EIEE_Train
553,R553Q,BFNC,BFNC_EIEE_Train
188,Q188P,EIEE,BFNC_EIEE_Train
215,G215R,EIEE,BFNC_EIEE_Train
277,T277P,EIEE,BFNC_EIEE_Train
350,N350I,BFNC/EIEE,BFNC_EIEE_Train
340,I340N,BFNC,BFNC_EIEE_Train
195,S195F,BFNC/EIEE,BFNC_EIEE_Train
241,L241P,EIEE,BFNC_EIEE_Train
210,R210C,EIEE,BFNC_EIEE_Train
355,D355G,EIEE,BFNC_EIEE_Train
313,G313R,EIEE,BFNC_EIEE_Train
1,M1I,BFNC/EIEE,BFNC_EIEE_Train
201,R201C,EIEE,BFNC_EIEE_Train
333,R333Q,BFNC,BFNC_EIEE_Train
214,R214W,BFNC/EIEE,BFNC_EIEE_Train
263,T263I,EIEE,BFNC_EIEE_Train
324,H324R,EIEE,BFNC_EIEE_Train
352,S352P,BFNC,BFNC_EIEE_Train
287,T287N,EIEE,BFNC_EIEE_Train
212,D212G,BFNC,BFNC_EIEE_Train
546,M546V,EIEE,BFNC_EIEE_Train
271,G271V,BFNC,BFNC_EIEE_Train
553,R553W,EIEE,BFNC_EIEE_Train
144,R144W,BFNC/EIEE,BFNC_EIEE_Train
284,Y284D,EIEE,BFNC_EIEE_Train
301,G301S,EIEE,BFNC_EIEE_Train
306,A306P,EIEE,BFNC_EIEE_Train
592,I592M,BFNC,BFNC_EIEE_Train
235,A235V,EIEE,BFNC_EIEE_Train
1,M1K,BFNC/EIEE,BFNC_EIEE_Train
231,E231G,BFNC/EIEE,BFNC_EIEE_Train
195,S195P,EIEE,BFNC_EIEE_Train
356,L356R,EIEE,BFNC_EIEE_Train
265,A265T,EIEE,BFNC_EIEE_Train
308,P308S,EIEE,BFNC_EIEE_Train
362,Y362C,BFNC,BFNC_EIEE_Train
359,T359A,EIEE,BFNC_EIEE_Train
114,T114I,EIEE,BFNC_EIEE_Train
552,K552T,EIEE,BFNC_EIEE_Train
589,V589G,BFNC,BFNC_EIEE_Train
274,T274M,EIEE,BFNC_EIEE_Train
304,F304S,EIEE,BFNC_EIEE_Train
228,H228R,EIEE,BFNC_EIEE_Train
269,W269C,BFNC,BFNC_EIEE_Train
154,Y154D,BFNC,BFNC_EIEE_Train
75,R75C,EIEE,BFNC_EIEE_Train
207,R207W,BFNC/EIEE,BFNC_EIEE_Train
264,Y264N,EIEE,BFNC_EIEE_Train
234,T234A,BFNC,BFNC_EIEE_Train
281,G281W,EIEE,BFNC_EIEE_Train
253,A253T,EIEE,BFNC_EIEE_Train
340,I340M,BFNC/EIEE,BFNC_EIEE_Train
290,G290D,EIEE,BFNC_EIEE_Train
581,R581G,EIEE,BFNC_EIEE_Test
209,I209T,BFNC,BFNC_EIEE_Test
190,N190I,EIEE,BFNC_EIEE_Test
351,L351V,BFNC,BFNC_EIEE_Test
237,Y237C,EIEE,BFNC_EIEE_Test
310,G310S,EIEE,BFNC_EIEE_Test
561,P561L,EIEE,BFNC_EIEE_Test
200,L200P,BFNC/EIEE,BFNC_EIEE_Test
341,Q341H,EIEE,BFNC_EIEE_Test
287,T287A,EIEE,BFNC_EIEE_Test
161,L161P,BFNC,BFNC_EIEE_Test
254,E254A,BFNC,BFNC_EIEE_Test
217,T217A,BFNC/EIEE,BFNC_EIEE_Test
113,S113F,EIEE,BFNC_EIEE_Test
305,F305L,EIEE,BFNC_EIEE_Test
197,L197P,BFNC/EIEE,BFNC_EIEE_Test
284,Y284H,EIEE,BFNC_EIEE_Test
1,M1T,BFNC/EIEE,BFNC_EIEE_Test
201,R201H,EIEE,BFNC_EIEE_Test
337,A337T,EIEE,BFNC_EIEE_Test
114,T114A,BFNC,BFNC_EIEE_Test
237,Y237F,EIEE,BFNC_EIEE_Test
224,V224A,EIEE,BFNC_EIEE_Test
285,P285H,EIEE,BFNC_EIEE_Test
222,G222D,EIEE,BFNC_EIEE_Test
348,A348T,EIEE,BFNC_EIEE_Test
258,N258S,BFNC,BFNC_EIEE_Test
212,D212E,BFNC/EIEE,BFNC_EIEE_Test
335,P335R,BFNC,BFNC_EIEE_Test
333,R333W,EIEE,BFNC_EIEE_Test
250,V250A,EIEE,BFNC_EIEE_Test
351,L351F,BFNC,BFNC_EIEE_Test
96,H96N,EIEE,BFNC_EIEE_Test
277,T277A,BFNC/EIEE,BFNC_EIEE_Test
189,G189V,EIEE,BFNC_EIEE_Test
335,P335L,EIEE,BFNC_EIEE_Test
340,I340T,EIEE,BFNC_EIEE_Test
213,R213Q,BFNC/EIEE,BFNC_EIEE_Test
578,M578V,BFNC,BFNC_EIEE_Test
278,I278T,EIEE,BFNC_EIEE_Test
159,G159R,BFNC,BFNC_EIEE_Test
296,T296P,EIEE,BFNC_EIEE_Test
309,A309V,EIEE,BFNC_EIEE_Test
193,A193D,EIEE,BFNC_EIEE_Test
273,I273N,EIEE,BFNC_EIEE_Test
546,M546T,EIEE,BFNC_EIEE_Test
207,R207Q,EIEE,BFNC_EIEE_Test
282,D282E,EIEE,BFNC_EIEE_Test
319,K319T,EIEE,BFNC_EIEE_Test
271,G271D,EIEE,BFNC_EIEE_Test
560,R560W,EIEE,BFNC_EIEE_Test
140,E140Q,EIEE,BFNC_EIEE_Test
395,R395G,BFNC,BFNC_EIEE_Test
581,R581Q,EIEE,BFNC_EIEE_Test
119,E119G,BFNC,BFNC_EIEE_Test
335,P335A,EIEE,BFNC_EIEE_Test
284,Y284C,BFNC,BFNC_EIEE_Test
144,R144Q,BFNC/EIEE,BFNC_EIEE_Test
291,R291S,EIEE,BFNC_EIEE_Test
188,Q188K,EIEE,BFNC_EIEE_Test
561,P561S,EIEE,BFNC_EIEE_Test
208,M208V,BFNC,BFNC_EIEE_Test
556,K556E,EIEE,BFNC_EIEE_Test
79,N79K,BFNC,BFNC_EIEE_Test
561,P561R,EIEE,BFNC_EIEE_Test
187,S187Y,EIEE,BFNC_EIEE_Test
325,R325G,EIEE,BFNC_EIEE_Test
